ID,Target Pressure (bar)
0,0.086941905
1,0.082869336
2,0.09065538
3,0.06947923
4,0.06229419
5,0.066131964
6,0.056511436
7,0.054492686
8,0.072131194
9,0.52790356
10,0.38204622
11,0.24165624
12,0.7023214
13,0.50560534
14,0.32259902
15,0.52633494
16,0.3620319
17,0.24762982
18,0.18858948
19,0.1553748
20,0.13033706
21,0.11538547
22,0.12368897
23,0.11477966
24,0.22239634
25,0.16885236
26,0.12238735
27,0.09858066
28,0.104732975
29,0.11591922
30,0.07384931
31,0.071161196
32,0.0659301
33,0.05236894
34,0.054103114
35,0.06465412
36,0.457039
37,0.4514648
38,0.43300146
39,0.51234925
40,0.50145894
41,0.46497676
42,0.2527691
43,0.24803558
44,0.23589599
45,0.2967376
46,0.3024469
47,0.29478428
48,0.22637537
49,0.19083256
50,0.11841459
51,0.09980811
52,0.100353144
53,0.10703531
54,0.07716298
55,0.08538531
56,0.10026605
57,0.04985047
58,0.049285702
59,0.054852866
60,0.04504238
61,0.04881542
62,0.06717883
63,0.23789471
64,0.23558775
65,0.23174196
66,0.3113544
67,0.30484042
68,0.29185128
69,0.24080378
70,0.23452237
71,0.22573546
72,0.16210195
73,0.16681316
74,0.16679534
75,0.13326088
76,0.12890166
77,0.11556253
78,0.097834885
79,0.10027078
80,0.10838487
81,0.12580833
82,0.12193878
83,0.104424596
84,0.061494492
85,0.057680957
86,0.04782611
87,0.05106685
88,0.049053904
89,0.06100882
90,0.5380511
91,0.3518892
92,0.2170757
93,0.56506807
94,0.3699755
95,0.2204274
96,0.48474804
97,0.34801558
98,0.21951166
99,0.36590874
100,0.30097812
101,0.19188651
102,0.109333456
103,0.08773867
104,0.08997225
105,0.14094858
106,0.11902495
107,0.09047528
108,0.09262252
109,0.104490265
110,0.12368968
111,0.03980259
112,0.04272148
113,0.044396967
114,0.034797765
115,0.038382452
116,0.06128122
117,0.27944678
118,0.29721346
119,0.2756504
120,0.32245982
121,0.3260445
122,0.27699727
123,0.2261734
124,0.24229187
125,0.21305448
126,0.21778622
127,0.24633199
128,0.25450325
129,0.17685941
130,0.10324371
131,0.09307851
132,0.09054819
133,0.09008687
134,0.09393039
135,0.1593431
136,0.1599817
137,0.16547073
138,0.16355714
139,0.15782681
140,0.12150407
141,0.112156406
142,0.10536632
143,0.13374653
144,0.9017866
145,0.72685754
146,0.56262416
147,0.8897008
148,0.6560863
149,0.4917491
150,0.74799234
151,0.60950273
152,0.43156916
153,0.4854617
154,0.45536315
155,0.33902016
156,0.26480153
157,0.22806633
158,0.22040188
159,0.3246389
160,0.29709655
161,0.24578646
162,0.1192161
163,0.12198751
164,0.13371707
165,0.114541605
166,0.110368356
167,0.119225785
168,0.093459465
169,0.09788415
170,0.13861695
171,0.41636634
172,0.40761587
173,0.37810087
174,0.43698606
175,0.44089913
176,0.40317073
177,0.45267934
178,0.45707944
179,0.415997
180,0.2788092
181,0.27268094
182,0.27220488
183,0.19878146
184,0.19928285
185,0.2048744
186,0.18781176
187,0.19343714
188,0.20438412
189,0.062520325
190,0.06345131
191,0.064104825
192,0.038366787
193,0.038895417
194,0.04414439
195,0.029104657
196,0.032452643
197,0.043666158
198,0.21100113
199,0.18178913
200,0.15514529
201,0.18527341
202,0.1566457
203,0.13653585
204,0.15132427
205,0.12741432
206,0.11423478
207,0.14704487
208,0.12866466
209,0.11023466
210,0.08229603
211,0.06725701
212,0.06114497
213,0.058525246
214,0.05733014
215,0.056531277
216,0.08805459
217,0.0879877
218,0.08426018
219,0.06424211
220,0.06344381
221,0.06298439
222,0.053336374
223,0.05113844
224,0.06025261
225,0.43369144
226,0.31689298
227,0.21774328
228,0.4560514
229,0.340957
230,0.22517407
231,0.38758117
232,0.32212883
233,0.21346489
234,0.24061301
235,0.22471046
236,0.16994247
237,0.09996594
238,0.091089696
239,0.088756934
240,0.15545751
241,0.13296817
242,0.09710094
243,0.10843916
244,0.090132214
245,0.079872176
246,0.045332022
247,0.037602782
248,0.037875697
249,0.04103701
250,0.03672304
251,0.04692638
252,0.5451743
253,0.31468278
254,0.1993006
255,0.5282037
256,0.2734771
257,0.19358692
258,0.38769484
259,0.21254438
260,0.1647414
261,0.36554617
262,0.2420685
263,0.14812726
264,0.09478517
265,0.07473468
266,0.071729854
267,0.117009096
268,0.08164918
269,0.06538956
270,0.22160462
271,0.25135064
272,0.2961793
273,0.24739438
274,0.18950427
275,0.14566624
276,0.12059836
277,0.12663883
278,0.16921686
279,1.3001441
280,1.2989248
281,1.2702733
282,1.4893057
283,1.4821678
284,1.4757861
285,0.8818052
286,0.90161693
287,0.8881644
288,0.7432949
289,0.7746501
290,0.79805076
291,0.5477334
292,0.5786852
293,0.42212325
294,0.32242608
295,0.34422934
296,0.36579633
297,0.099437684
298,0.089898884
299,0.08364616
300,0.04708415
301,0.039778978
302,0.037455857
303,0.041192524
304,0.0372029
305,0.05233663
306,0.45719674
307,0.3120956
308,0.25337124
309,0.41876948
310,0.28680938
311,0.25398973
312,0.2570776
313,0.18568143
314,0.16768147
315,0.2501655
316,0.19342709
317,0.15610209
318,0.12469225
319,0.100722246
320,0.08732185
321,0.11873691
322,0.08678002
323,0.078177996
324,0.084863
325,0.08330767
326,0.0724321
327,0.038682643
328,0.03488496
329,0.032447837
330,0.032889485
331,0.03024707
332,0.029060844
333,0.30035028
334,0.25307372
335,0.19222176
336,0.23979527
337,0.1866605
338,0.1352584
339,0.22066766
340,0.16362175
341,0.12384586
342,0.26120138
343,0.23121649
344,0.17082086
345,0.11572811
346,0.069953755
347,0.06546159
348,0.10118303
349,0.08735515
350,0.063748434
351,0.088493384
352,0.09152194
353,0.093611866
354,0.051394716
355,0.057055462
356,0.06886127
357,0.04228573
358,0.045280352
359,0.06647523
360,0.3692764
361,0.3588775
362,0.29311967
363,0.33164448
364,0.33636165
365,0.28830403
366,0.30575502
367,0.31236124
368,0.26990274
369,0.2694563
370,0.267421
371,0.22524089
372,0.13135512
373,0.11344509
374,0.11172105
375,0.1053718
376,0.10511722
377,0.104975
378,0.14222856
379,0.1549982
380,0.1715728
381,0.14357218
382,0.13278943
383,0.14131507
384,0.106939554
385,0.12237748
386,0.15133196
387,1.1042367
388,1.1100157
389,1.1028241
390,1.1105821
391,1.1241859
392,1.1342484
393,1.0209846
394,1.0315405
395,0.989578
396,0.45586652
397,0.46518588
398,0.46083665
399,0.3832832
400,0.3834082
401,0.35838926
402,0.36340818
403,0.3682242
404,0.36665803
405,0.109064475
406,0.1176458
407,0.13755594
408,0.08183261
409,0.07436276
410,0.07067323
411,0.054109856
412,0.052854985
413,0.069674805
414,0.5220561
415,0.4976995
416,0.44540074
417,0.57754457
418,0.56265926
419,0.49763435
420,0.32557195
421,0.31596792
422,0.28426927
423,0.2967325
424,0.29637545
425,0.27883136
426,0.23064864
427,0.20373645
428,0.13127783
429,0.11534913
430,0.11565017
431,0.119031295
432,0.046299733
433,0.041915875
434,0.035415754
435,0.036861755
436,0.03297163
437,0.031724874
438,0.03703469
439,0.033862107
440,0.03978213
441,0.26208192
442,0.21855855
443,0.15781274
444,0.26102197
445,0.2288242
446,0.16673917
447,0.24782723
448,0.2207936
449,0.15894324
450,0.17688116
451,0.15827423
452,0.12314359
453,0.0967569
454,0.08753668
455,0.08250973
456,0.09735976
457,0.09153451
458,0.08109669
459,0.12727663
460,0.13070661
461,0.14297463
462,0.08464267
463,0.09230077
464,0.073957086
465,0.0633305
466,0.06360201
467,0.090274334
468,0.4252156
469,0.39487696
470,0.32296818
471,0.4148752
472,0.3908702
473,0.29954425
474,0.41465133
475,0.41158321
476,0.30878097
477,0.32860315
478,0.3301596
479,0.27724043
480,0.19317946
481,0.12954387
482,0.13604169
483,0.1769908
484,0.17891812
485,0.15124261
486,0.07833113
487,0.08361881
488,0.090110004
489,0.046014614
490,0.04362894
491,0.042377703
492,0.042337395
493,0.04611939
494,0.0527141
495,0.27418914
496,0.26424584
497,0.24973214
498,0.24194849
499,0.22883165
500,0.21113455
501,0.20549974
502,0.18376005
503,0.15917599
504,0.194843
505,0.18268833
506,0.16704771
507,0.15519145
508,0.11121899
509,0.09265685
510,0.086549744
511,0.08642186
512,0.08563964
513,0.062095378
514,0.061427724
515,0.060104847
516,0.03463093
517,0.03305298
518,0.03255953
519,0.03204906
520,0.03234692
521,0.038149223
522,0.41625977
523,0.27258968
524,0.16501993
525,0.5870092
526,0.3989671
527,0.22320157
528,0.31864417
529,0.22771531
530,0.15230286
531,0.14558412
532,0.1279313
533,0.099436685
534,0.075673744
535,0.0725162
536,0.065442756
537,0.090541616
538,0.07219171
539,0.057751022
540,0.1454643
541,0.15611216
542,0.18020853
543,0.1343869
544,0.12629656
545,0.10252748
546,0.07355335
547,0.07506309
548,0.10180196
549,0.845762
550,0.83659756
551,0.7996043
552,0.75099754
553,0.7649528
554,0.7452525
555,0.50920737
556,0.5164314
557,0.4985192
558,0.51340604
559,0.5261012
560,0.51423925
561,0.38597432
562,0.28680706
563,0.2201066
564,0.16575804
565,0.17632434
566,0.19652806
567,0.05192812
568,0.054745257
569,0.054865472
570,0.027099565
571,0.027603611
572,0.032497585
573,0.024612546
574,0.029898707
575,0.04210998
576,0.16829187
577,0.15709612
578,0.12921655
579,0.16479304
580,0.16118476
581,0.13063787
582,0.14487009
583,0.13429716
584,0.11413152
585,0.12422012
586,0.118009254
587,0.09654931
588,0.07336324
589,0.06639415
590,0.066521585
591,0.057858102
592,0.060790386
593,0.06055805
594,0.09947329
595,0.10857409
596,0.111652
597,0.054508664
598,0.05840788
599,0.05850184
600,0.042844698
601,0.046685137
602,0.06830652
603,0.5071492
604,0.46188825
605,0.31818613
606,0.47361314
607,0.46112624
608,0.33804607
609,0.28962013
610,0.30239695
611,0.23368359
612,0.24173194
613,0.26336908
614,0.2367064
615,0.15154889
616,0.105519794
617,0.10000615
618,0.1215519
619,0.11589415
620,0.10066115
621,0.18212315
622,0.15523593
623,0.11118711
624,0.17892824
625,0.1502277
626,0.10744021
627,0.17788193
628,0.15071306
629,0.11033099
630,0.9713842
631,0.48326933
632,0.27975908
633,1.0051662
634,0.53599566
635,0.2998016
636,0.977883
637,0.5614816
638,0.3182584
639,0.4974398
640,0.32795134
641,0.21468362
642,0.12675744
643,0.12665033
644,0.13157006
645,0.2874812
646,0.22522843
647,0.14952327
648,0.08973495
649,0.100946024
650,0.12512068
651,0.07349848
652,0.062537946
653,0.06386709
654,0.047777764
655,0.05115951
656,0.07686434
657,0.39099294
658,0.3858656
659,0.37335986
660,0.35045403
661,0.3385187
662,0.3143247
663,0.29461792
664,0.2796503
665,0.256147
666,0.25691915
667,0.25338012
668,0.2384156
669,0.20315602
670,0.15997082
671,0.1384067
672,0.13207072
673,0.12899649
674,0.13115388
675,0.18922088
676,0.18628731
677,0.16592354
678,0.16920611
679,0.17077845
680,0.15513474
681,0.119802296
682,0.13054177
683,0.14710632
684,1.3158882
685,0.8783446
686,0.50558496
687,1.1598049
688,0.7800189
689,0.46853825
690,0.94326174
691,0.68722606
692,0.40854287
693,0.74575126
694,0.59873855
695,0.35840166
696,0.17919311
697,0.16063243
698,0.1570746
699,0.25868785
700,0.2141239
701,0.16522366
702,0.10375493
703,0.089952946
704,0.07558984
705,0.058336765
706,0.05005177
707,0.044472586
708,0.04033233
709,0.03564287
710,0.037267543
711,0.6972927
712,0.37060413
713,0.28013653
714,0.5546889
715,0.28822845
716,0.23177448
717,0.3783785
718,0.20151863
719,0.15731534
720,0.3580171
721,0.2319122
722,0.16724485
723,0.09706988
724,0.07675429
725,0.064932406
726,0.11054416
727,0.07168671
728,0.05794712
729,0.14007197
730,0.1456098
731,0.16057366
732,0.1398839
733,0.14477181
734,0.16134712
735,0.13230246
736,0.13592821
737,0.1470595
738,0.6630522
739,0.6452845
740,0.5540004
741,0.62746245
742,0.6293781
743,0.53867036
744,0.5963744
745,0.614339
746,0.54752755
747,0.42607135
748,0.40304434
749,0.32987347
750,0.25982624
751,0.24156424
752,0.24096474
753,0.2830606
754,0.29124647
755,0.28112194
756,0.17238674
757,0.18955275
758,0.28088698
759,0.19404015
760,0.19941595
761,0.12606908
762,0.100022435
763,0.10369532
764,0.18987997
765,0.9828264
766,0.9869307
767,0.8784429
768,0.91275764
769,0.8982146
770,0.8404405
771,0.71793306
772,0.7667005
773,0.7346531
774,0.61058974
775,0.67405653
776,0.6149376
777,0.44638547
778,0.3415249
779,0.30751523
780,0.23690435
781,0.2565568
782,0.28509134
783,0.0859475
784,0.08395213
785,0.0631102
786,0.05939623
787,0.062303904
788,0.0504654
789,0.0480377
790,0.04780496
791,0.042540044
792,0.35567448
793,0.2945873
794,0.1713805
795,0.32885933
796,0.2757685
797,0.17038688
798,0.29476508
799,0.25565082
800,0.16019833
801,0.24368307
802,0.20562422
803,0.122455135
804,0.08206018
805,0.074501924
806,0.07157232
807,0.13481775
808,0.11884278
809,0.07639983
810,0.084011495
811,0.0875462
812,0.1022082
813,0.062114395
814,0.05916515
815,0.06188591
816,0.047554336
817,0.050445553
818,0.072356686
819,0.39260116
820,0.39250025
821,0.36565995
822,0.3120361
823,0.32101184
824,0.30144122
825,0.2227759
826,0.22646502
827,0.2149517
828,0.2408925
829,0.24411523
830,0.22047985
831,0.17604762
832,0.14276443
833,0.12094997
834,0.094622865
835,0.099697106
836,0.10726392
837,0.11553559
838,0.09934279
839,0.09015164
840,0.08770046
841,0.07139735
842,0.065956265
843,0.05087875
844,0.045316488
845,0.060397867
846,0.7515037
847,0.4386925
848,0.3568714
849,0.6518979
850,0.37020022
851,0.33983654
852,0.48990017
853,0.30028552
854,0.28817403
855,0.38370472
856,0.24732617
857,0.2074666
858,0.13100201
859,0.114753425
860,0.1090347
861,0.15817055
862,0.110441834
863,0.10340322
864,0.13390736
865,0.13116282
866,0.1321384
867,0.10958929
868,0.108580664
869,0.08225943
870,0.080449715
871,0.07543978
872,0.09061131
873,0.66404676
874,0.58184797
875,0.40430224
876,0.70712256
877,0.57307917
878,0.40489942
879,0.613403
880,0.49580392
881,0.32701215
882,0.40930602
883,0.34906712
884,0.25378674
885,0.19683307
886,0.15373167
887,0.1458795
888,0.27064434
889,0.21363655
890,0.14893422
891,0.14858595
892,0.15687332
893,0.17874552
894,0.15034765
895,0.15732434
896,0.1337401
897,0.12569743
898,0.11416656
899,0.13757244
900,0.83191115
901,0.8304833
902,0.77699983
903,0.7711313
904,0.77196324
905,0.72560966
906,0.6835593
907,0.68119276
908,0.61446106
909,0.47804257
910,0.47065187
911,0.43117356
912,0.3924392
913,0.34163135
914,0.30777577
915,0.2839479
916,0.28766084
917,0.28094533
918,0.17945632
919,0.19222276
920,0.25742206
921,0.17073005
922,0.13690566
923,0.097345404
924,0.09607075
925,0.08838743
926,0.11728733
927,1.0796342
928,0.930499
929,0.7760376
930,1.0361145
931,0.8478859
932,0.65184414
933,0.56671584
934,0.50875974
935,0.40999025
936,0.6739287
937,0.6079445
938,0.53386366
939,0.42012402
940,0.291028
941,0.20729506
942,0.20948142
943,0.19985884
944,0.18565616
945,0.11352922
946,0.11721151
947,0.13373566
948,0.07478525
949,0.06876885
950,0.06571713
951,0.052277535
952,0.05173973
953,0.071388364
954,0.5614736
955,0.5097461
956,0.41201842
957,0.8276218
958,0.7249788
959,0.55156815
960,0.52984697
961,0.49580848
962,0.34129065
963,0.29771784
964,0.29393327
965,0.27814317
966,0.18272129
967,0.1647048
968,0.1232306
969,0.14026877
970,0.1372101
971,0.12256029
972,0.3209345
973,0.33125678
974,0.34678963
975,0.31821936
976,0.32831937
977,0.33915478
978,0.31563708
979,0.32012138
980,0.28903058
981,1.6550925
982,1.7091619
983,1.6726475
984,1.682578
985,1.7218289
986,1.6209041
987,1.7288436
988,1.7053337
989,1.5469946
990,1.6542381
991,1.5908579
992,1.3859829
993,0.9260077
994,0.8022903
995,0.6688769
996,0.790552
997,0.7059866
998,0.5923021
999,0.24897736
1000,0.2668493
1001,0.28958908
1002,0.26225013
1003,0.27502632
1004,0.25634804
1005,0.22182801
1006,0.18105981
1007,0.19573379
1008,1.696283
1009,1.6714724
1010,1.6405083
1011,1.5548481
1012,1.5309392
1013,1.4884827
1014,1.325388
1015,1.2757925
1016,1.2366053
1017,1.0018432
1018,0.97025007
1019,0.95647717
1020,0.7641817
1021,0.6030974
1022,0.50368124
1023,0.4224524
1024,0.44216302
1025,0.4543505
1026,0.10038617
1027,0.10969776
1028,0.13136569
1029,0.06554301
1030,0.06632522
1031,0.06619185
1032,0.049686164
1033,0.04997175
1034,0.0684866
1035,0.5308877
1036,0.496817
1037,0.37091494
1038,0.7180355
1039,0.69131315
1040,0.51221263
1041,0.34147564
1042,0.36774462
1043,0.2873911
1044,0.2707119
1045,0.29425225
1046,0.26279324
1047,0.16694894
1048,0.13159037
1049,0.11252821
1050,0.12104134
1051,0.12175138
1052,0.11391233
1053,0.090584144
1054,0.09453453
1055,0.10084951
1056,0.040760227
1057,0.04031805
1058,0.042309906
1059,0.032774102
1060,0.034307517
1061,0.042111665
1062,0.39737147
1063,0.39952445
1064,0.39780045
1065,0.27033165
1066,0.2681819
1067,0.26499876
1068,0.18576579
1069,0.18041354
1070,0.17484355
1071,0.2403414
1072,0.2479186
1073,0.24504548
1074,0.16989455
1075,0.11523033
1076,0.08489673
1077,0.061017603
1078,0.06348495
1079,0.071605
1080,0.101476006
1081,0.1102773
1082,0.109118
1083,0.04094667
1084,0.040895436
1085,0.04123417
1086,0.034139138
1087,0.035623986
1088,0.04739826
1089,0.563584
1090,0.515539
1091,0.37475193
1092,0.35963374
1093,0.36242884
1094,0.2538816
1095,0.22329614
1096,0.21601513
1097,0.15930262
1098,0.33252513
1099,0.33706388
1100,0.24184084
1101,0.14969185
1102,0.09622122
1103,0.07571346
1104,0.07510225
1105,0.07887256
1106,0.07379677
1107,0.10695794
1108,0.11090782
1109,0.11917904
1110,0.07244083
1111,0.06562759
1112,0.0659416
1113,0.063323036
1114,0.06852162
1115,0.07835976
1116,0.3157193
1117,0.31406236
1118,0.31060168
1119,0.4012456
1120,0.39123964
1121,0.37035105
1122,0.30146867
1123,0.292063
1124,0.2796758
1125,0.20245317
1126,0.20517142
1127,0.20716771
1128,0.1728133
1129,0.15938497
1130,0.13943784
1131,0.11339959
1132,0.11593105
1133,0.1224466
1134,0.115256555
1135,0.11269647
1136,0.11125204
1137,0.055840634
1138,0.048643425
1139,0.045723483
1140,0.037860174
1141,0.03541172
1142,0.042164464
1143,0.70356196
1144,0.551125
1145,0.40351424
1146,0.46483755
1147,0.36102018
1148,0.24430758
1149,0.2655931
1150,0.19537371
1151,0.13807489
1152,0.4270646
1153,0.34505087
1154,0.24893442
1155,0.19583058
1156,0.107621014
1157,0.0710036
1158,0.086620435
1159,0.075133175
1160,0.064717405
1161,0.07811208
1162,0.0824486
1163,0.08369957
1164,0.040711813
1165,0.03820139
1166,0.037092537
1167,0.0387021
1168,0.036835458
1169,0.04770671
1170,0.34866196
1171,0.3370903
1172,0.29754204
1173,0.32350385
1174,0.3036283
1175,0.2515721
1176,0.22277552
1177,0.21501872
1178,0.17830677
1179,0.22013566
1180,0.2186343
1181,0.20181414
1182,0.15573922
1183,0.10909779
1184,0.08954045
1185,0.089598745
1186,0.086149536
1187,0.083501115
1188,0.07309905
1189,0.0714106
1190,0.068918765
1191,0.058304846
1192,0.058107294
1193,0.062252954
1194,0.046530858
1195,0.047842808
1196,0.05682507
1197,0.26111856
1198,0.23484778
1199,0.17244488
1200,0.25523746
1201,0.23933181
1202,0.1717323
1203,0.240325
1204,0.22624123
1205,0.16291237
1206,0.19059008
1207,0.17484856
1208,0.13060057
1209,0.092902474
1210,0.088008136
1211,0.08390815
1212,0.10410181
1213,0.09511516
1214,0.08171653
1215,0.10062227
1216,0.09051873
1217,0.084397055
1218,0.047163613
1219,0.040828064
1220,0.03920263
1221,0.043673836
1222,0.042862654
1223,0.057704337
1224,0.416866
1225,0.279994
1226,0.1872129
1227,0.3444264
1228,0.24067703
1229,0.17317423
1230,0.29443133
1231,0.21898976
1232,0.1646741
1233,0.28548196
1234,0.20503318
1235,0.13221508
1236,0.12758693
1237,0.08855694
1238,0.08807724
1239,0.109246895
1240,0.09672565
1241,0.08205357
1242,0.202155
1243,0.21646044
1244,0.25319538
1245,0.21219325
1246,0.2212556
1247,0.1937958
1248,0.15540919
1249,0.13226902
1250,0.17276865
1251,1.2195071
1252,1.165013
1253,1.0668621
1254,1.0940071
1255,1.03912
1256,0.94081783
1257,0.83467805
1258,0.8062073
1259,0.7329837
1260,0.77826256
1261,0.74195814
1262,0.67589927
1263,0.59892577
1264,0.44423482
1265,0.3691709
1266,0.32341364
1267,0.32948595
1268,0.33521098
1269,0.105597116
1270,0.090794854
1271,0.09240243
1272,0.08049835
1273,0.06190641
1274,0.06062051
1275,0.06342292
1276,0.0570404
1277,0.07605564
1278,0.44981164
1279,0.270361
1280,0.22752902
1281,0.48141873
1282,0.28874895
1283,0.22802341
1284,0.44471782
1285,0.25722024
1286,0.20652103
1287,0.24212742
1288,0.16200724
1289,0.12927127
1290,0.10886754
1291,0.105135866
1292,0.108460546
1293,0.1992671
1294,0.13551679
1295,0.110322714
1296,0.06451419
1297,0.06896363
1298,0.07577782
1299,0.032214
1300,0.030082226
1301,0.032818664
1302,0.031572826
1303,0.032003436
1304,0.047128674
1305,0.26833495
1306,0.26084256
1307,0.23602259
1308,0.23583585
1309,0.23551849
1310,0.22124931
1311,0.17610036
1312,0.17302544
1313,0.15974152
1314,0.17678255
1315,0.17736432
1316,0.16016623
1317,0.1314624
1318,0.09808832
1319,0.08770819
1320,0.07353639
1321,0.078832485
1322,0.08330314
1323,0.091339074
1324,0.09667817
1325,0.09313073
1326,0.056520153
1327,0.056297753
1328,0.05425278
1329,0.04769864
1330,0.04764232
1331,0.06410257
1332,0.4077893
1333,0.33708268
1334,0.22045639
1335,0.46380892
1336,0.3916393
1337,0.24896148
1338,0.3806786
1339,0.34640396
1340,0.22979385
1341,0.21071795
1342,0.20472547
1343,0.16422221
1344,0.10682786
1345,0.09637498
1346,0.09785767
1347,0.1389877
1348,0.13073242
1349,0.10402977
1350,0.09788919
1351,0.10290147
1352,0.11526613
1353,0.06914613
1354,0.06648304
1355,0.07052849
1356,0.047390085
1357,0.05153308
1358,0.06940547
1359,0.43527246
1360,0.4320004
1361,0.42242694
1362,0.54633456
1363,0.544837
1364,0.5207568
1365,0.2804379
1366,0.27518052
1367,0.27225643
1368,0.22892863
1369,0.23170102
1370,0.22973797
1371,0.21048108
1372,0.2173464
1373,0.12914982
1374,0.10375381
1375,0.105704375
1376,0.112912945
1377,0.14813009
1378,0.14605899
1379,0.13934922
1380,0.13631617
1381,0.13194445
1382,0.12886938
1383,0.1169067
1384,0.11522443
1385,0.12407115
1386,0.6766953
1387,0.6245682
1388,0.45819607
1389,0.60528225
1390,0.6015411
1391,0.4375568
1392,0.5686146
1393,0.57559955
1394,0.3995911
1395,0.40419412
1396,0.37924528
1397,0.27288857
1398,0.1906595
1399,0.17972529
1400,0.17480823
1401,0.23778537
1402,0.22414488
1403,0.18576592
1404,0.08287603
1405,0.08984727
1406,0.103824005
1407,0.049989305
1408,0.046167
1409,0.045246553
1410,0.037371982
1411,0.037985086
1412,0.04895006
1413,0.33951396
1414,0.34465304
1415,0.32811633
1416,0.23492742
1417,0.23047721
1418,0.21215135
1419,0.17050835
1420,0.15937212
1421,0.14072894
1422,0.22291017
1423,0.22080743
1424,0.20934662
1425,0.18181378
1426,0.11862424
1427,0.08909639
1428,0.086065575
1429,0.086448796
1430,0.08421641
1431,0.13983601
1432,0.15249172
1433,0.18736306
1434,0.118430905
1435,0.09802439
1436,0.099376984
1437,0.06938339
1438,0.07216474
1439,0.11584516
1440,0.8006501
1441,0.78632486
1442,0.74686944
1443,0.8529054
1444,0.8593619
1445,0.81033254
1446,0.4820916
1447,0.4962634
1448,0.4671641
1449,0.4330353
1450,0.43704975
1451,0.41618747
1452,0.34169805
1453,0.3250294
1454,0.20745274
1455,0.17519714
1456,0.17863858
1457,0.19235986
1458,0.0822826
1459,0.074201256
1460,0.064932644
1461,0.06167559
1462,0.057002157
1463,0.052529227
1464,0.04842121
1465,0.046733502
1466,0.056589514
1467,0.32339495
1468,0.20428756
1469,0.14341356
1470,0.33538002
1471,0.22762963
1472,0.15706861
1473,0.3391873
1474,0.24129486
1475,0.1671147
1476,0.21620086
1477,0.15977746
1478,0.111133605
1479,0.08401142
1480,0.080235615
1481,0.081089035
1482,0.12093237
1483,0.10574953
1484,0.080208965
1485,0.07748692
1486,0.080399565
1487,0.08405557
1488,0.048858225
1489,0.047426462
1490,0.04762757
1491,0.046477243
1492,0.049781114
1493,0.062251408
1494,0.24703678
1495,0.24036103
1496,0.23047775
1497,0.24616644
1498,0.2383576
1499,0.22728544
1500,0.22170964
1501,0.21175486
1502,0.20101053
1503,0.18246055
1504,0.1748185
1505,0.16534984
1506,0.14859673
1507,0.12528123
1508,0.113354385
1509,0.093167394
1510,0.09504911
1511,0.100650035
1512,0.0706979
1513,0.07622193
1514,0.08583927
1515,0.044211917
1516,0.041331556
1517,0.040883027
1518,0.037392963
1519,0.035803605
1520,0.050565206
1521,0.29247576
1522,0.2628806
1523,0.21759263
1524,0.3873747
1525,0.34288406
1526,0.25927216
1527,0.22404751
1528,0.19383612
1529,0.14781296
1530,0.14823975
1531,0.14344542
1532,0.13072515
1533,0.12441057
1534,0.11273344
1535,0.08701079
1536,0.10533375
1537,0.09579457
1538,0.081182554
1539,0.108615115
1540,0.11868921
1541,0.13454613
1542,0.1080811
1543,0.09542781
1544,0.093236834
1545,0.07000678
1546,0.07429719
1547,0.10138078
1548,0.5309581
1549,0.52416193
1550,0.5112266
1551,0.49076304
1552,0.48556012
1553,0.46803576
1554,0.42774385
1555,0.4213183
1556,0.40252915
1557,0.288544
1558,0.28655985
1559,0.27794987
1560,0.22673911
1561,0.19635388
1562,0.18727534
1563,0.18211323
1564,0.18246546
1565,0.18354699
1566,0.107952505
1567,0.11352953
1568,0.11536832
1569,0.09100258
1570,0.08424982
1571,0.080430344
1572,0.071205065
1573,0.07437421
1574,0.095105454
1575,0.47245017
1576,0.4194089
1577,0.32499427
1578,0.45259655
1579,0.41081375
1580,0.32580617
1581,0.40704507
1582,0.38088796
1583,0.30554962
1584,0.31265804
1585,0.2919373
1586,0.23510578
1587,0.16826272
1588,0.15660477
1589,0.1506789
1590,0.14728816
1591,0.14722496
1592,0.14569175
1593,0.12706375
1594,0.12352771
1595,0.11977284
1596,0.11231132
1597,0.11179396
1598,0.11123363
1599,0.0850967
1600,0.087168604
1601,0.099824734
1602,0.8861431
1603,0.5641284
1604,0.42038733
1605,0.7752472
1606,0.507585
1607,0.38703272
1608,0.6489445
1609,0.44193494
1610,0.3665952
1611,0.4556815
1612,0.36412203
1613,0.28921133
1614,0.15770376
1615,0.14561847
1616,0.14273548
1617,0.2009268
1618,0.1678229
1619,0.14827791
1620,0.10422264
1621,0.10145599
1622,0.10139933
1623,0.08324846
1624,0.07555503
1625,0.06810693
1626,0.06579353
1627,0.06433101
1628,0.0797157
1629,0.5434726
1630,0.3825744
1631,0.27248418
1632,0.47970176
1633,0.3806251
1634,0.26050848
1635,0.41746533
1636,0.37019557
1637,0.2471106
1638,0.33897877
1639,0.26937085
1640,0.19517049
1641,0.15577188
1642,0.12892988
1643,0.12421651
1644,0.14560467
1645,0.142775
1646,0.11890164
1647,0.089956515
1648,0.089808375
1649,0.091087975
1650,0.05504985
1651,0.050705183
1652,0.045774926
1653,0.043942064
1654,0.043512687
1655,0.054952003
1656,0.32898694
1657,0.25459507
1658,0.21062407
1659,0.31779888
1660,0.22967821
1661,0.17713094
1662,0.27867
1663,0.20451996
1664,0.15817714
1665,0.22278833
1666,0.19125515
1667,0.16101483
1668,0.12080823
1669,0.08870503
1670,0.08537633
1671,0.111784235
1672,0.100179434
1673,0.08579524
1674,0.16349924
1675,0.17299715
1676,0.20657545
1677,0.16921312
1678,0.13906872
1679,0.118177846
1680,0.09507667
1681,0.101470046
1682,0.14029849
1683,1.0266593
1684,0.95747113
1685,0.85403943
1686,0.9629631
1687,0.8988557
1688,0.8377124
1689,0.62432337
1690,0.584775
1691,0.55153686
1692,0.5159414
1693,0.48436064
1694,0.45071685
1695,0.385602
1696,0.36121666
1697,0.2615068
1698,0.26610583
1699,0.26611602
1700,0.25944757
1701,0.11202424
1702,0.115571186
1703,0.116461426
1704,0.10504828
1705,0.10478373
1706,0.10779655
1707,0.083063915
1708,0.083791636
1709,0.09574382
1710,0.57627887
1711,0.528849
1712,0.37584674
1713,0.5562961
1714,0.5176618
1715,0.34982353
1716,0.53649783
1717,0.49182487
1718,0.33200884
1719,0.32279524
1720,0.31184474
1721,0.2355363
1722,0.1605638
1723,0.14855325
1724,0.14507098
1725,0.19485745
1726,0.18828341
1727,0.15700668
1728,0.13510808
1729,0.14962909
1730,0.18691072
1731,0.11087505
1732,0.10006251
1733,0.09800914
1734,0.072737314
1735,0.07615826
1736,0.11034706
1737,0.7041362
1738,0.6902805
1739,0.6169504
1740,0.66647375
1741,0.6543611
1742,0.5725317
1743,0.5256269
1744,0.5317358
1745,0.46408695
1746,0.42068857
1747,0.42864513
1748,0.41546187
1749,0.29049778
1750,0.18905662
1751,0.16912547
1752,0.13546886
1753,0.14792189
1754,0.16508678
1755,0.1733063
1756,0.18972293
1757,0.25165555
1758,0.2067574
1759,0.16137207
1760,0.12375897
1761,0.11537485
1762,0.1176252
1763,0.16833459
1764,1.1850585
1765,1.0001277
1766,0.8152136
1767,1.2827562
1768,1.0915831
1769,0.84420234
1770,1.0725392
1771,0.8774384
1772,0.6203984
1773,0.6134099
1774,0.5577543
1775,0.46716052
1776,0.3456719
1777,0.33537447
1778,0.30113778
1779,0.40009543
1780,0.34569392
1781,0.29074737
1782,0.15805647
1783,0.16290116
1784,0.18065678
1785,0.10531238
1786,0.09543735
1787,0.09078752
1788,0.07002866
1789,0.07100248
1790,0.104527295
1791,0.86373925
1792,0.768289
1793,0.6420852
1794,0.7089328
1795,0.64466
1796,0.50480455
1797,0.5052791
1798,0.46512768
1799,0.36880398
1800,0.5546072
1801,0.52566487
1802,0.4489723
1803,0.3168637
1804,0.19404414
1805,0.16764936
1806,0.17794076
1807,0.18145834
1808,0.16392663
1809,0.15337926
1810,0.16735557
1811,0.21235785
1812,0.15675506
1813,0.1628674
1814,0.11602527
1815,0.092494585
1816,0.096674845
1817,0.17040047
1818,0.89690745
1819,0.91950756
1820,0.9049494
1821,0.79726756
1822,0.8030434
1823,0.81130195
1824,0.6561438
1825,0.71280247
1826,0.7467626
1827,0.5892285
1828,0.61554
1829,0.5613409
1830,0.4270077
1831,0.33506286
1832,0.29450023
1833,0.21429318
1834,0.22360069
1835,0.25165847
1836,0.116791844
1837,0.12852186
1838,0.15775415
1839,0.09697675
1840,0.089128464
1841,0.086535394
1842,0.053512752
1843,0.05858375
1844,0.08489793
1845,0.7396658
1846,0.76536
1847,0.704553
1848,0.6753421
1849,0.6859801
1850,0.60790086
1851,0.38934284
1852,0.3870852
1853,0.33814782
1854,0.3599309
1855,0.37174928
1856,0.3505037
1857,0.29657823
1858,0.22909129
1859,0.14877431
1860,0.1291922
1861,0.12955073
1862,0.13331196
1863,0.097098455
1864,0.0911684
1865,0.0937528
1866,0.06625223
1867,0.054904
1868,0.049696025
1869,0.045678504
1870,0.046391487
1871,0.061446965
1872,0.48414117
1873,0.32141584
1874,0.26213145
1875,0.44343567
1876,0.33179432
1877,0.2684084
1878,0.38511032
1879,0.28184816
1880,0.2185049
1881,0.25865754
1882,0.18853094
1883,0.15487124
1884,0.13907194
1885,0.108376525
1886,0.100262314
1887,0.11946519
1888,0.099995814
1889,0.09153331
1890,0.13279797
1891,0.10360702
1892,0.10214585
1893,0.11972958
1894,0.0954202
1895,0.085620426
1896,0.08721466
1897,0.07083508
1898,0.081258
1899,0.86647284
1900,0.51433843
1901,0.39015025
1902,0.97542
1903,0.5733919
1904,0.42499286
1905,0.82793456
1906,0.49307695
1907,0.37094456
1908,0.36045212
1909,0.25210345
1910,0.20709476
1911,0.17364636
1912,0.1636338
1913,0.14858267
1914,0.3215386
1915,0.21247363
1916,0.16621983
1917,0.10653047
1918,0.09371313
1919,0.09357226
1920,0.06343189
1921,0.051176026
1922,0.04721947
1923,0.04430145
1924,0.040068615
1925,0.045929074
1926,0.43301362
1927,0.2856793
1928,0.2320165
1929,0.87615377
1930,0.6007502
1931,0.4133072
1932,0.32630125
1933,0.21202582
1934,0.15285036
1935,0.18950003
1936,0.1569345
1937,0.13557693
1938,0.12804216
1939,0.14431065
1940,0.07987932
1941,0.09843725
1942,0.07694703
1943,0.06730139
1944,0.11767456
1945,0.13203877
1946,0.16835046
1947,0.07957924
1948,0.07489856
1949,0.07834336
1950,0.06399926
1951,0.06959805
1952,0.09855984
1953,0.5517652
1954,0.5501642
1955,0.5320678
1956,0.8707585
1957,0.80182827
1958,0.7009469
1959,0.55418336
1960,0.5587887
1961,0.5118436
1962,0.26470608
1963,0.27055386
1964,0.27831015
1965,0.2024004
1966,0.22864276
1967,0.17479974
1968,0.14388318
1969,0.14788762
1970,0.16351348
1971,0.09770261
1972,0.10799512
1973,0.13157995
1974,0.0685853
1975,0.06440379
1976,0.066380344
1977,0.051783204
1978,0.05484894
1979,0.07916681
1980,0.42638323
1981,0.45802575
1982,0.46149707
1983,0.3419489
1984,0.3580328
1985,0.36712098
1986,0.2318444
1987,0.24101967
1988,0.25587144
1989,0.27943897
1990,0.2910712
1991,0.28462058
1992,0.2325089
1993,0.1580362
1994,0.12949735
1995,0.092292674
1996,0.09666954
1997,0.10912916
1998,0.058458857
1999,0.06251525
2000,0.051875927
2001,0.027487695
2002,0.024941806
2003,0.023511473
2004,0.0246237
2005,0.02305539
2006,0.026859034
2007,0.23733103
2008,0.21675533
2009,0.14702855
2010,0.21000898
2011,0.18474826
2012,0.12755814
2013,0.160148
2014,0.14223424
2015,0.104362264
2016,0.16648552
2017,0.15143514
2018,0.09959242
2019,0.08060409
2020,0.058536105
2021,0.055101402
2022,0.07563291
2023,0.064846046
2024,0.049023636
2025,0.16624534
2026,0.15709127
2027,0.1725612
2028,0.17367443
2029,0.13789208
2030,0.1168256
2031,0.09774189
2032,0.09285802
2033,0.11561014
2034,0.96641976
2035,0.8130393
2036,0.69442284
2037,1.2452478
2038,1.0348184
2039,0.8934858
2040,0.82318485
2041,0.63815486
2042,0.49324882
2043,0.43508804
2044,0.38562426
2045,0.34373367
2046,0.31561697
2047,0.3780193
2048,0.26292443
2049,0.3028187
2050,0.25593343
2051,0.22682035
2052,0.2236751
2053,0.18767151
2054,0.15304472
2055,0.2239672
2056,0.1816543
2057,0.14490858
2058,0.18960455
2059,0.16070098
2060,0.13383284
2061,1.5858179
2062,1.069434
2063,0.53329784
2064,1.6018959
2065,1.0049601
2066,0.48733145
2067,1.5784009
2068,0.92784595
2069,0.43977913
2070,0.97613764
2071,0.61461186
2072,0.31045464
2073,0.16910642
2074,0.16272858
2075,0.16020012
2076,0.52924025
2077,0.3288202
2078,0.19503105
2079,0.1841188
2080,0.16715854
2081,0.13543904
2082,0.16702054
2083,0.15576918
2084,0.11471154
2085,0.118195444
2086,0.102965705
2087,0.10826275
2088,1.1977273
2089,0.68955684
2090,0.367832
2091,1.0709256
2092,0.6022339
2093,0.34425378
2094,0.93582404
2095,0.6108053
2096,0.35456058
2097,0.71352094
2098,0.4757977
2099,0.25175473
2100,0.16101243
2101,0.1443634
2102,0.15015826
2103,0.2875841
2104,0.2293055
2105,0.16054343
2106,0.15168992
2107,0.12672588
2108,0.10098467
2109,0.11534172
2110,0.099920526
2111,0.08770735
2112,0.08187149
2113,0.06863044
2114,0.07321035
2115,1.0999446
2116,0.5450077
2117,0.28056103
2118,1.0460496
2119,0.51836085
2120,0.27074084
2121,0.7981609
2122,0.39173973
2123,0.23794875
2124,0.48525584
2125,0.31144443
2126,0.20073304
2127,0.11412148
2128,0.104377344
2129,0.09952322
2130,0.2630145
2131,0.15718827
2132,0.10896544
2133,0.13464428
2134,0.13122651
2135,0.114496835
2136,0.1200297
2137,0.12007421
2138,0.103370145
2139,0.09379196
2140,0.08948996
2141,0.08973905
2142,0.74209225
2143,0.6218029
2144,0.34565663
2145,0.7134837
2146,0.6051955
2147,0.3271808
2148,0.6547765
2149,0.5380609
2150,0.28075108
2151,0.37184262
2152,0.33049762
2153,0.21604863
2154,0.13966903
2155,0.12978862
2156,0.12465288
2157,0.3102033
2158,0.24799031
2159,0.16168547
2160,0.17961764
2161,0.1915741
2162,0.25639683
2163,0.20669293
2164,0.21852013
2165,0.1449394
2166,0.12215074
2167,0.11767602
2168,0.16659923
2169,1.1885322
2170,1.0812477
2171,0.92920727
2172,1.2212042
2173,1.0554426
2174,0.88705534
2175,1.0088866
2176,0.8657146
2177,0.66942525
2178,0.63742256
2179,0.6123765
2180,0.54600894
2181,0.34248003
2182,0.33040094
2183,0.28444952
2184,0.365485
2185,0.34042618
2186,0.29940718
2187,0.13603467
2188,0.14271155
2189,0.16074553
2190,0.12844297
2191,0.13456652
2192,0.13585241
2193,0.09279967
2194,0.09682049
2195,0.15218696
2196,0.56950474
2197,0.57445484
2198,0.5114055
2199,0.5225351
2200,0.55728734
2201,0.52192706
2202,0.5048668
2203,0.5587997
2204,0.52741337
2205,0.37704495
2206,0.3578994
2207,0.30739227
2208,0.23997411
2209,0.22927189
2210,0.22962084
2211,0.22024208
2212,0.23681605
2213,0.23948589
2214,0.06588069
2215,0.06616768
2216,0.06986506
2217,0.043207407
2218,0.04136954
2219,0.049390797
2220,0.041231073
2221,0.042441994
2222,0.058846083
2223,0.2642052
2224,0.2477782
2225,0.2069737
2226,0.25087902
2227,0.24870092
2228,0.20366868
2229,0.2060008
2230,0.1948284
2231,0.16818067
2232,0.16463798
2233,0.15963753
2234,0.14244118
2235,0.107676625
2236,0.09738594
2237,0.089123726
2238,0.09005174
2239,0.0889271
2240,0.084127195
2241,0.095298
2242,0.10704805
2243,0.13494183
2244,0.065193355
2245,0.06561276
2246,0.07430497
2247,0.045783006
2248,0.050119065
2249,0.08785089
2250,0.54317534
2251,0.5788202
2252,0.5496926
2253,0.480892
2254,0.509761
2255,0.46918496
2256,0.2955669
2257,0.30674613
2258,0.2975416
2259,0.27467304
2260,0.29523456
2261,0.29781955
2262,0.2260899
2263,0.18568581
2264,0.14461935
2265,0.12869918
2266,0.13478073
2267,0.13746189
2268,0.08895244
2269,0.092501
2270,0.09740679
2271,0.047390655
2272,0.047488343
2273,0.059235513
2274,0.040902693
2275,0.043161616
2276,0.059928603
2277,0.3596248
2278,0.36898282
2279,0.3256148
2280,0.2934688
2281,0.32203463
2282,0.28081343
2283,0.21709615
2284,0.23508054
2285,0.2127682
2286,0.25064048
2287,0.2588106
2288,0.23575541
2289,0.14542331
2290,0.113751575
2291,0.094902806
2292,0.08238458
2293,0.088427365
2294,0.09258751
2295,0.15160045
2296,0.16871282
2297,0.24120146
2298,0.14308171
2299,0.116327025
2300,0.105618484
2301,0.08472671
2302,0.09072642
2303,0.13687427
2304,0.72272235
2305,0.7444525
2306,0.7207183
2307,0.7107121
2308,0.75002146
2309,0.7351056
2310,0.55923367
2311,0.594501
2312,0.5722752
2313,0.43448335
2314,0.473198
2315,0.4800949
2316,0.36311427
2317,0.28038156
2318,0.23454347
2319,0.16216856
2320,0.17676431
2321,0.20640856
2322,0.14918607
2323,0.11338374
2324,0.10323105
2325,0.086536855
2326,0.06246553
2327,0.06044542
2328,0.061770625
2329,0.04471192
2330,0.056247797
2331,0.98087204
2332,0.46950823
2333,0.37044314
2334,0.915313
2335,0.46486202
2336,0.34035212
2337,0.5676729
2338,0.24431548
2339,0.20889336
2340,0.47655374
2341,0.27054238
2342,0.23368856
2343,0.15134412
2344,0.11891186
2345,0.09511138
2346,0.1816148
2347,0.10322643
2348,0.096194066
2349,0.06331965
2350,0.065551765
2351,0.07106883
2352,0.050558995
2353,0.049169496
2354,0.05273005
2355,0.0402347
2356,0.043510422
2357,0.05586787
2358,0.20141855
2359,0.19412099
2360,0.18120867
2361,0.20672663
2362,0.19726452
2363,0.17807475
2364,0.19307601
2365,0.18354872
2366,0.16640729
2367,0.15302378
2368,0.14608485
2369,0.132946
2370,0.1089568
2371,0.09998128
2372,0.09183013
2373,0.08357765
2374,0.08453375
2375,0.085781164
2376,0.07503065
2377,0.072260275
2378,0.07157571
2379,0.04825674
2380,0.04239627
2381,0.04402434
2382,0.040355813
2383,0.041321795
2384,0.051195078
2385,0.28562346
2386,0.23788339
2387,0.21638915
2388,0.5448233
2389,0.4141502
2390,0.35445786
2391,0.33767697
2392,0.23290303
2393,0.20374525
2394,0.13254532
2395,0.11573885
2396,0.10887207
2397,0.1007026
2398,0.110880256
2399,0.08386338
2400,0.09481151
2401,0.078667276
2402,0.07506362
2403,0.1977042
2404,0.23292083
2405,0.30184546
2406,0.25153813
2407,0.23231289
2408,0.13984102
2409,0.14053313
2410,0.13062045
2411,0.19007981
2412,1.4453775
2413,1.439823
2414,1.3702525
2415,1.4987566
2416,1.5158492
2417,1.4557343
2418,1.1780239
2419,1.2207731
2420,1.1988925
2421,0.7211913
2422,0.7804458
2423,0.8062842
2424,0.56363606
2425,0.51420724
2426,0.42731816
2427,0.38792697
2428,0.43297237
2429,0.43223554
2430,0.0853332
2431,0.09289652
2432,0.107539535
2433,0.039045103
2434,0.037615776
2435,0.04143598
2436,0.038404502
2437,0.039643288
2438,0.06578877
2439,0.29373544
2440,0.2548881
2441,0.22687617
2442,0.31685314
2443,0.2826599
2444,0.2404094
2445,0.23125485
2446,0.2237527
2447,0.205619
2448,0.20224482
2449,0.21538165
2450,0.21848828
2451,0.14000112
2452,0.105894886
2453,0.105749704
2454,0.10717035
2455,0.105506
2456,0.10306596
2457,0.08437678
2458,0.085111655
2459,0.07732799
2460,0.043933917
2461,0.041924156
2462,0.041632034
2463,0.0368561
2464,0.036490753
2465,0.043156594
2466,0.38073188
2467,0.340755
2468,0.19632119
2469,0.3145344
2470,0.27265134
2471,0.16155332
2472,0.25327146
2473,0.21107954
2474,0.12640724
2475,0.24273741
2476,0.20982537
2477,0.14911124
2478,0.10943931
2479,0.08021413
2480,0.06939113
2481,0.09658861
2482,0.08709375
2483,0.066119544
2484,0.17544985
2485,0.17228603
2486,0.17185327
2487,0.17484698
2488,0.17167419
2489,0.1587536
2490,0.13740622
2491,0.123362914
2492,0.13622871
2493,0.94081044
2494,0.77179456
2495,0.6040983
2496,0.8785577
2497,0.72189176
2498,0.5778535
2499,0.7927564
2500,0.66576695
2501,0.54077923
2502,0.56901556
2503,0.49434552
2504,0.34872687
2505,0.27418396
2506,0.25969392
2507,0.24311703
2508,0.33085388
2509,0.31218407
2510,0.27132222
2511,0.13006094
2512,0.14035961
2513,0.16045216
2514,0.08897435
2515,0.07941835
2516,0.07411896
2517,0.054429196
2518,0.057270557
2519,0.077105045
2520,0.7175021
2521,0.73367333
2522,0.7243073
2523,0.5119094
2524,0.5187354
2525,0.5004246
2526,0.3422494
2527,0.34784338
2528,0.3271736
2529,0.41701645
2530,0.4322614
2531,0.4064169
2532,0.34829244
2533,0.2058351
2534,0.1454729
2535,0.10786295
2536,0.11230845
2537,0.123064116
2538,0.0995273
2539,0.0973711
2540,0.09416938
2541,0.06585759
2542,0.05886848
2543,0.050478853
2544,0.05550029
2545,0.05088433
2546,0.06576874
2547,0.37997013
2548,0.27218518
2549,0.23683408
2550,0.5096681
2551,0.3698253
2552,0.29978824
2553,0.3691641
2554,0.29285008
2555,0.2317453
2556,0.21684095
2557,0.18371126
2558,0.15248346
2559,0.1287951
2560,0.11198603
2561,0.103704035
2562,0.15385866
2563,0.1316676
2564,0.103941604
2565,0.11794568
2566,0.12622681
2567,0.1403557
2568,0.10915607
2569,0.11060363
2570,0.095458604
2571,0.077990584
2572,0.07944746
2573,0.100544296
2574,0.57556945
2575,0.5820815
2576,0.59289193
2577,0.49423826
2578,0.49442345
2579,0.49781594
2580,0.4015483
2581,0.3908302
2582,0.38430378
2583,0.33062103
2584,0.326759
2585,0.31437373
2586,0.28456104
2587,0.2289845
2588,0.20791036
2589,0.17681791
2590,0.18090895
2591,0.18908107
2592,0.15078443
2593,0.15984258
2594,0.1931268
2595,0.1436901
2596,0.1358039
2597,0.121580124
2598,0.087068185
2599,0.09126399
2600,0.14015663
2601,0.93229973
2602,0.89335036
2603,0.77765715
2604,0.81496006
2605,0.78114486
2606,0.7000066
2607,0.62222683
2608,0.6333131
2609,0.59155
2610,0.606821
2611,0.579158
2612,0.49736986
2613,0.3840697
2614,0.28845578
2615,0.24569547
2616,0.18766561
2617,0.19670442
2618,0.21160969
2619,0.10025914
2620,0.10719012
2621,0.124480814
2622,0.06341764
2623,0.060065374
2624,0.06149677
2625,0.049525514
2626,0.053394936
2627,0.073988415
2628,0.4170675
2629,0.42445207
2630,0.41420087
2631,0.38214988
2632,0.39528838
2633,0.38718837
2634,0.26381272
2635,0.27190375
2636,0.2679015
2637,0.25679296
2638,0.26938584
2639,0.26526076
2640,0.2042661
2641,0.15123913
2642,0.1252336
2643,0.10306667
2644,0.10634868
2645,0.11560524
2646,0.1510598
2647,0.14227287
2648,0.1445469
2649,0.14638278
2650,0.13372624
2651,0.10612519
2652,0.102938324
2653,0.09017196
2654,0.105855286
2655,0.9629413
2656,0.7414948
2657,0.5667412
2658,0.8701571
2659,0.6425656
2660,0.50338846
2661,0.75137556
2662,0.5287951
2663,0.36266816
2664,0.50311095
2665,0.37411338
2666,0.27349424
2667,0.21402922
2668,0.1881443
2669,0.16977584
2670,0.33963835
2671,0.2472283
2672,0.18734321
2673,0.09203884
2674,0.09646023
2675,0.094063066
2676,0.07216098
2677,0.067395136
2678,0.057677835
2679,0.05812356
2680,0.054981887
2681,0.06652218
2682,0.54367256
2683,0.42112482
2684,0.27919206
2685,0.9254768
2686,0.72516114
2687,0.41110235
2688,0.5284661
2689,0.4677204
2690,0.28468037
2691,0.2329331
2692,0.21716115
2693,0.17115265
2694,0.11571823
2695,0.11833439
2696,0.10843528
2697,0.1734209
2698,0.1575582
2699,0.117639154
2700,0.10983853
2701,0.12118902
2702,0.1445165
2703,0.09378501
2704,0.08680003
2705,0.085216
2706,0.056538053
2707,0.059787013
2708,0.08436462
2709,0.5918412
2710,0.61080337
2711,0.5898812
2712,0.56019056
2713,0.5910283
2714,0.5882254
2715,0.3990442
2716,0.39780098
2717,0.38822198
2718,0.33349818
2719,0.34433103
2720,0.33495197
2721,0.2681608
2722,0.20673826
2723,0.15297824
2724,0.12627175
2725,0.1288216
2726,0.13766411
2727,0.091209285
2728,0.09517449
2729,0.09779734
2730,0.04252607
2731,0.039623752
2732,0.039181188
2733,0.035864845
2734,0.037010793
2735,0.043244295
2736,0.485255
2737,0.4346404
2738,0.3181545
2739,0.40266204
2740,0.35757446
2741,0.23585728
2742,0.26601672
2743,0.22024912
2744,0.14407218
2745,0.2746481
2746,0.26548493
2747,0.20884615
2748,0.15841547
2749,0.1004574
2750,0.07542553
2751,0.07587197
2752,0.07122589
2753,0.064013295
2754,0.06664726
2755,0.06651159
2756,0.06769174
2757,0.034968432
2758,0.032789305
2759,0.036598384
2760,0.032489035
2761,0.03217546
2762,0.047071356
2763,0.24305665
2764,0.23433357
2765,0.20054054
2766,0.23022807
2767,0.22189397
2768,0.18666199
2769,0.21905014
2770,0.21376562
2771,0.17405853
2772,0.18257129
2773,0.17348424
2774,0.14453533
2775,0.101821676
2776,0.08225028
2777,0.08077256
2778,0.09218557
2779,0.08722281
2780,0.08040203
2781,0.15567197
2782,0.1552391
2783,0.15367961
2784,0.15074939
2785,0.14804545
2786,0.14425378
2787,0.11729647
2788,0.112038165
2789,0.13982591
2790,0.7205962
2791,0.5612169
2792,0.42432636
2793,0.69635665
2794,0.5349923
2795,0.41720808
2796,0.67539775
2797,0.58956015
2798,0.4456011
2799,0.4301458
2800,0.38342646
2801,0.288971
2802,0.19562946
2803,0.19421071
2804,0.20747656
2805,0.24896559
2806,0.2579856
2807,0.22649994
2808,0.09362759
2809,0.11329782
2810,0.13596527
2811,0.053779505
2812,0.054491736
2813,0.065080464
2814,0.040091883
2815,0.04621134
2816,0.07075373
2817,0.39992326
2818,0.41281602
2819,0.38661635
2820,0.33611286
2821,0.32444468
2822,0.2780613
2823,0.19647285
2824,0.18476725
2825,0.16646236
2826,0.21754399
2827,0.22599912
2828,0.22310287
2829,0.206252
2830,0.14634323
2831,0.10123695
2832,0.09068334
2833,0.09108646
2834,0.09139353
2835,0.16011253
2836,0.16859707
2837,0.21384606
2838,0.10535783
2839,0.08913651
2840,0.07555604
2841,0.086678974
2842,0.08363357
2843,0.09968478
2844,0.9214127
2845,0.71811056
2846,0.54315656
2847,0.8466182
2848,0.64973426
2849,0.43804526
2850,0.63532054
2851,0.5481598
2852,0.39702588
2853,0.60177463
2854,0.54115874
2855,0.43535975
2856,0.27456826
2857,0.15402874
2858,0.16030967
2859,0.17985019
2860,0.17842862
2861,0.15964112
2862,0.05869616
2863,0.059073515
2864,0.054364994
2865,0.039984934
2866,0.03869814
2867,0.038819365
2868,0.037920233
2869,0.037189767
2870,0.04582233
2871,0.40671593
2872,0.30420157
2873,0.18041989
2874,0.46157622
2875,0.32888216
2876,0.2095671
2877,0.37816903
2878,0.27250895
2879,0.1754894
2880,0.1539835
2881,0.13651334
2882,0.10087312
2883,0.082496956
2884,0.07919971
2885,0.07620478
2886,0.1219361
2887,0.10014532
2888,0.07526964
2889,0.14041585
2890,0.1285836
2891,0.12561756
2892,0.10094817
2893,0.09617863
2894,0.08051145
2895,0.07158757
2896,0.06256819
2897,0.08108266
2898,1.0163136
2899,0.6199939
2900,0.4299094
2901,0.8749291
2902,0.54015166
2903,0.42180407
2904,0.6491622
2905,0.39325148
2906,0.3373717
2907,0.4886089
2908,0.33906585
2909,0.28388453
2910,0.17146435
2911,0.14760911
2912,0.1379927
2913,0.20978889
2914,0.15361843
2915,0.13515064
2916,0.18249637
2917,0.18901446
2918,0.20795766
2919,0.18748666
2920,0.19457465
2921,0.20099232
2922,0.17958036
2923,0.18595323
2924,0.1922256
2925,1.6057571
2926,1.4010818
2927,1.075687
2928,1.4777654
2929,1.2785648
2930,0.95312774
2931,1.2613239
2932,1.0914751
2933,0.79741096
2934,1.0163486
2935,0.9398906
2936,0.75139076
2937,0.365283
2938,0.30772978
2939,0.27982402
2940,0.38000768
2941,0.3473313
2942,0.29239127
2943,0.13475856
2944,0.13676071
2945,0.13972941
2946,0.09930053
2947,0.0917527
2948,0.07490973
2949,0.076126166
2950,0.07347247
2951,0.09513939
2952,0.564663
2953,0.46210566
2954,0.32470694
2955,0.58008164
2956,0.43316796
2957,0.29218325
2958,0.5211031
2959,0.38272452
2960,0.2824048
2961,0.3776666
2962,0.32367092
2963,0.23887974
2964,0.16504647
2965,0.13621601
2966,0.14068973
2967,0.21915501
2968,0.18689102
2969,0.14927825
2970,0.08799183
2971,0.09458654
2972,0.11046036
2973,0.051669877
2974,0.05108765
2975,0.053852852
2976,0.040833466
2977,0.040789448
2978,0.052148327
2979,0.477081
2980,0.48148867
2981,0.41595066
2982,0.44119322
2983,0.4242417
2984,0.36367
2985,0.1946336
2986,0.18578252
2987,0.16764966
2988,0.24010542
2989,0.25113812
2990,0.23738754
2991,0.16400704
2992,0.13066828
2993,0.088740855
2994,0.08271498
2995,0.07860529
2996,0.08322317
2997,0.123467
2998,0.12521473
2999,0.1282561
3000,0.10606367
3001,0.09860861
3002,0.08107294
3003,0.071769215
3004,0.07312192
3005,0.08880002
3006,0.50038123
3007,0.4413557
3008,0.35827243
3009,0.45354113
3010,0.3897705
3011,0.32150146
3012,0.38559693
3013,0.34795105
3014,0.24987051
3015,0.33768767
3016,0.3098131
3017,0.24975088
3018,0.19312268
3019,0.1597974
3020,0.1394926
3021,0.15614292
3022,0.15032615
3023,0.13368359
3024,0.07792556
3025,0.07589136
3026,0.0680822
3027,0.039935634
3028,0.035051636
3029,0.03265754
3030,0.03889379
3031,0.035387382
3032,0.043157905
3033,0.26141995
3034,0.21656162
3035,0.1717715
3036,0.23880062
3037,0.17725402
3038,0.13275571
3039,0.24293604
3040,0.18482766
3041,0.13842857
3042,0.21353358
3043,0.17637292
3044,0.12658882
3045,0.09280499
3046,0.06403666
3047,0.06858861
3048,0.09600186
3049,0.085329115
3050,0.0669644
3051,0.09472975
3052,0.103146955
3053,0.114402965
3054,0.06354554
3055,0.07526112
3056,0.08605067
3057,0.043570198
3058,0.04538435
3059,0.07263311
3060,0.37064743
3061,0.3923577
3062,0.35935494
3063,0.35173875
3064,0.36065114
3065,0.31434324
3066,0.29888758
3067,0.31682888
3068,0.28081188
3069,0.25271314
3070,0.25232896
3071,0.22394466
3072,0.16358352
3073,0.13410017
3074,0.12202127
3075,0.13543704
3076,0.13682935
3077,0.13261174
3078,0.11434306
3079,0.121379614
3080,0.14369257
3081,0.10696578
3082,0.10535051
3083,0.082533896
3084,0.06818109
3085,0.06920143
3086,0.09364471
3087,0.5831535
3088,0.5692918
3089,0.5416795
3090,0.5308123
3091,0.51988137
3092,0.48315334
3093,0.36427832
3094,0.35331964
3095,0.340756
3096,0.31398535
3097,0.31951767
3098,0.31080046
3099,0.29232234
3100,0.23189816
3101,0.1820854
3102,0.16536659
3103,0.16689661
3104,0.167512
3105,0.100804396
3106,0.09243368
3107,0.083919026
3108,0.06701638
3109,0.055213533
3110,0.04870774
3111,0.05534933
3112,0.04869458
3113,0.054498456
3114,0.55012655
3115,0.31795627
3116,0.24345657
3117,0.6822242
3118,0.41684374
3119,0.30561605
3120,0.49617854
3121,0.30264932
3122,0.21591902
3123,0.27305776
3124,0.19736135
3125,0.14204939
3126,0.10335513
3127,0.09507175
3128,0.08626958
3129,0.16458592
3130,0.11201656
3131,0.088553175
3132,0.058802072
3133,0.060063835
3134,0.0576656
3135,0.035084113
3136,0.035726905
3137,0.037688866
3138,0.032046262
3139,0.034803364
3140,0.04413561
3141,0.22956985
3142,0.20121965
3143,0.15467575
3144,0.21828327
3145,0.20044807
3146,0.14459568
3147,0.18224142
3148,0.17310211
3149,0.124816105
3150,0.16940561
3151,0.15478832
3152,0.109514266
3153,0.07860851
3154,0.07154675
3155,0.06916456
3156,0.07755728
3157,0.07584276
3158,0.06484321
3159,0.08817109
3160,0.09041734
3161,0.08866203
3162,0.040049102
3163,0.037265494
3164,0.03568804
3165,0.032001536
3166,0.030654266
3167,0.03697434
3168,0.4056498
3169,0.3597231
3170,0.2856975
3171,0.3780955
3172,0.33072272
3173,0.22574255
3174,0.26583377
3175,0.21689183
3176,0.14005035
3177,0.24628463
3178,0.2259284
3179,0.17664489
3180,0.15021682
3181,0.095349304
3182,0.07122785
3183,0.100115724
3184,0.08818544
3185,0.06650158
3186,0.1339887
3187,0.14293319
3188,0.18924427
3189,0.14055684
3190,0.14023528
3191,0.09818883
3192,0.09000482
3193,0.086088434
3194,0.1317434
3195,0.5728549
3196,0.5650636
3197,0.57358193
3198,0.5475437
3199,0.5382702
3200,0.5241142
3201,0.51341265
3202,0.5026185
